index,session_id,label,event_time
0,5ffd7fc2-da8a-43ec-8010-891d533abeb0,1,2022-05-19 00:53:58
1,b403fec7-e7f3-4c26-8e5c-4d8994f46acb,2,2022-05-19 00:53:58
2,13d82055-a827-40c6-b445-543eb049d705,0,2022-05-19 00:53:58
3,c992ab95-2104-47d4-87a7-8fdaa9e06e12,2,2022-05-19 00:53:59
4,60fd1c87-8e57-4a87-b973-8cc2bfdea7e6,1,2022-05-19 00:54:00
5,dadb85d1-5f03-4588-b264-196da157677f,3,2022-05-19 00:54:00
6,333c9884-1ae0-4166-ae5f-eec93bfd87d9,0,2022-05-19 00:54:01
7,0adba589-b3bc-49b2-8e8a-692addc9d2ba,1,2022-05-19 00:54:01
8,69673e28-03e0-4d87-906e-5fb7eb112fce,2,2022-05-19 00:54:01
9,1da62bf8-b1ae-4018-88db-b7541c08521c,1,2022-05-19 00:54:01
10,0cddd3f7-e3ea-49a5-b83e-ae5d1d7b3805,2,2022-05-19 00:54:02
11,d488bd5d-bdd2-427a-8836-7c2efae486cb,2,2022-05-19 00:54:02
12,7a0586bc-9a68-43b2-98e4-d9327170597d,2,2022-05-19 00:54:02
13,9caa94a7-5942-4ab1-b69f-b9c8435e33df,0,2022-05-19 00:54:02
14,4abebb33-e3e5-4dd1-a19f-3022a3f736b6,0,2022-05-19 00:54:03
15,a122b3b7-205d-4926-a007-b9c287715e9c,3,2022-05-19 00:54:05
16,5dbbb15a-72fe-4eb4-b9d6-0ce00d185bd1,0,2022-05-19 00:54:06
17,09cbb8e1-6ef2-402c-bb99-a1b07f70399f,3,2022-05-19 00:54:07
18,f56c81de-152d-486c-8a66-cd7e7400b4cf,3,2022-05-19 00:54:07
19,f2d13dc1-5b3b-4b85-bdd4-c0aa8d1bea43,3,2022-05-19 00:54:10
20,4a3df203-1848-4cb6-9d3c-c43a92eabff2,2,2022-05-19 00:54:11
21,af0ef6b4-b882-40ed-9185-2f77a5b4be33,1,2022-05-19 00:54:12
22,a56188e7-2955-4314-bb0d-0551b8cdd71b,1,2022-05-19 00:54:13
23,f9a56330-bafb-46a6-9405-ddfdae0f5677,1,2022-05-19 00:54:14
24,7f420987-20c1-4481-abf7-e0e5484b1645,3,2022-05-19 00:54:15
25,a1529f8a-43f7-4c7d-9656-178fd5cda313,1,2022-05-19 00:54:15
26,a57455b3-302c-4327-8e2a-bb5b6c65a1a8,0,2022-05-19 00:54:15
27,79679016-f6fb-454d-b511-ec667387bdd8,0,2022-05-19 00:54:15
28,10ce6635-24ca-43cf-9553-8b9e9de7e775,3,2022-05-19 00:54:16
29,9adb1a25-8b78-4bd7-8a46-abd710504832,2,2022-05-19 00:54:17
30,da2b33f9-2173-476c-ac0f-c7cb968f5b66,3,2022-05-19 00:54:18
31,dadf61d5-9c87-48b0-8e47-4f9ee2ff2cb2,1,2022-05-19 00:54:18
32,486ea1bf-8c6a-4fec-9370-087701b2834d,2,2022-05-19 00:54:19
33,5011025d-98d6-49a7-ab69-910a017d37e5,1,2022-05-19 00:54:20
34,425682df-7c58-4551-9c45-ba21b863bcf2,2,2022-05-19 00:54:20
35,716a7d27-e4be-4a7a-ab6d-115329a0e8bc,3,2022-05-19 00:54:20
36,a4779c8a-1554-4f19-bb6f-ee549799b40c,0,2022-05-19 00:54:20
37,63abcb6f-ae99-4374-adcc-bb31e05e0872,1,2022-05-19 00:54:22
38,9838f193-ae9e-446a-af5a-f404b16475b0,0,2022-05-19 00:54:24
39,bacc48d3-ba4e-4cd0-91a3-c8cec7e3580f,0,2022-05-19 00:54:26
40,d8f2c5c9-40d0-4ec3-8f97-5bc043d2aca2,3,2022-05-19 00:54:27
41,19184445-192b-4191-8e4a-013f8f95cb90,2,2022-05-19 00:54:28
42,b867ee74-ccad-4e31-b14e-c37adb2f2f21,0,2022-05-19 00:54:28
43,50af7f95-8499-43f1-96ac-4be2bbde20cc,0,2022-05-19 00:54:29
44,29534142-3c85-4e01-80bf-16a01f41e544,3,2022-05-19 00:54:29
45,0d77a8cf-8610-4d60-acd3-dc60c89fd5c9,1,2022-05-19 00:54:29
46,4bed8012-610f-45c1-a4f3-11bf3274e1b3,1,2022-05-19 00:54:30
47,c5a2451b-6d58-4c64-b866-111706b8ce81,2,2022-05-19 00:54:30
48,c768e298-751b-488e-bdda-a8638eac5331,0,2022-05-19 00:54:30
49,3984f258-bc1c-4a45-973c-9ef0294c652b,1,2022-05-19 00:54:32
50,957a2504-55e8-41b0-9127-b4f976ec054c,0,2022-05-19 00:54:32
51,db9e9a27-b798-4fe5-b114-484b6e15c40f,2,2022-05-19 00:54:32
52,b4a46459-5120-4551-bc4f-0e22101e3349,2,2022-05-19 00:54:35
53,d8d51593-f36f-4d64-b547-94fb3afe13ff,0,2022-05-19 00:54:35
54,b41942e0-9d15-4c61-b142-aa46a8add363,1,2022-05-19 00:54:36
55,66f6cb5e-a719-48ef-b63f-4e8786ba580e,2,2022-05-19 00:54:36
56,9ad991eb-059c-456b-b9f7-f917dfde6962,3,2022-05-19 00:54:38
57,0a786499-9ea4-41b5-8d1c-5a20245cdf77,0,2022-05-19 00:54:40
58,6eb16471-69e7-4499-be85-d413448ca7b5,1,2022-05-19 00:54:42
59,4187a711-fc16-44f8-8212-9b496fe2e7ca,2,2022-05-19 00:54:43
60,15c91b30-8aa2-4131-b5a5-8e0d27e05ca6,2,2022-05-19 00:54:43
61,9e911c15-b444-401d-a69b-12130298cb9b,3,2022-05-19 00:54:44
62,8c945b53-b8c6-49fa-a495-f5e87d84a547,2,2022-05-19 00:54:44
63,5842cb68-ad86-4044-aca9-3a2671b24a38,0,2022-05-19 00:54:44
64,4454b5ce-443e-46d9-a78c-860a0c9395b8,1,2022-05-19 00:54:44
65,f65f896b-3fed-4213-a820-4f41fca7a85c,3,2022-05-19 00:54:45
66,34ffd963-4994-4dba-8f2b-3bcffb746fcf,3,2022-05-19 00:54:45
67,ecc027fb-e38e-4b6a-bea4-3051f9a25ee5,2,2022-05-19 00:54:45
68,20c951c4-dc20-4338-9557-dd334d01d4da,0,2022-05-19 00:54:45
69,baffd33a-db21-4719-8cc5-95929a0e41c8,2,2022-05-19 00:54:46
70,ee519a6f-5d66-4ef7-928e-e8b9bb715e75,2,2022-05-19 00:54:46
71,49908b57-dbb0-408c-866c-1713e9b1360e,0,2022-05-19 00:54:46
72,b52e01af-686f-4a85-b2cc-dbac48a6e56a,2,2022-05-19 00:54:48
73,4f92d2d6-0e2a-41af-ac41-6bdf79e0bed6,3,2022-05-19 00:54:49
74,58ad7f72-cebe-464b-8f06-0bb7b3a1307b,3,2022-05-19 00:54:49
75,a9743330-4e63-468d-9fae-900c86c8ebf2,2,2022-05-19 00:54:49
76,2c258a1b-c92a-475e-bc6d-b11622f55198,1,2022-05-19 00:54:51
77,ad34b354-0dba-4d9a-a20e-87c316c2c24e,1,2022-05-19 00:54:55
78,7471accd-1978-49a6-92d0-6ebab7e43e2d,0,2022-05-19 00:54:56
79,b7ab26dc-d93a-4a1f-9e89-6c9b1a8b5384,3,2022-05-19 00:54:57
80,103c7685-8de2-446c-86f1-ffb2788ffdef,0,2022-05-19 00:54:57
81,bab84507-ae1f-4e24-86fc-0a07d129e9d1,3,2022-05-19 00:54:58
82,cac7d08c-9d71-4f7f-90cd-aac15d60b75f,2,2022-05-19 00:54:59
83,ae17464a-42b6-46ed-a2d3-a07ffa89cf38,2,2022-05-19 00:55:00
84,fc95ffe5-ee62-4bb2-821e-3b6cc98d84dc,1,2022-05-19 00:55:00
85,31c132e5-6307-43e3-80bd-41e6feaba9dd,0,2022-05-19 00:55:00
86,8f29c1e6-1652-4ff2-80d0-491be166c9dd,1,2022-05-19 00:55:01
87,4d2e0f38-d9f3-4dce-be58-93232a87d38f,3,2022-05-19 00:55:01
88,285375cc-5eaa-4fec-a2e6-a78c0faf5bc2,1,2022-05-19 00:55:02
89,949318e9-40c6-40fe-bdc2-45871af40655,3,2022-05-19 00:55:02
90,1089ae07-a7bd-4b9c-b55b-009aaf03a57e,0,2022-05-19 00:55:03
91,6a3caef9-bb57-4faa-a604-d3b53ff94c17,1,2022-05-19 00:55:03
92,cdd8a030-98b3-4eeb-b9e9-a7782fc4bcd7,1,2022-05-19 00:55:03
93,cbcc9caf-5a21-48f2-bd4d-f15927a6b340,2,2022-05-19 00:55:03
94,84a64646-8304-4ad4-a9f1-be7999c7bf30,2,2022-05-19 00:55:06
95,d4d2e6fe-bb9b-49f6-8dcf-218a1670826c,1,2022-05-19 00:55:07
96,6e9da9bf-ed4f-464c-983c-dcd929b279f8,3,2022-05-19 00:55:07
97,6d51ab02-5460-4d47-bb3d-4640683a4eaa,3,2022-05-19 00:55:10
98,1d6b5b7e-37fa-4bdc-b65d-983a49d02ceb,3,2022-05-19 00:55:11
99,5007cc2d-113d-42c9-9210-2ecf40263ea3,3,2022-05-19 00:55:11
100,e7400d10-579c-4978-8412-597e423450bd,1,2022-05-19 00:55:12
101,72fb5a2f-58bd-477c-a0de-16c897f4f439,0,2022-05-19 00:55:13
102,d093dce0-b5ae-4e7d-a472-0173481aa3b6,1,2022-05-19 00:55:14
103,87f92dd0-5e8b-4851-af31-020b0e843862,0,2022-05-19 00:55:14
104,7ddc73fb-4ea1-4195-a30e-cbfc8def934a,3,2022-05-19 00:55:15
105,ac2a7c4f-9966-4206-8dec-d240d172e215,1,2022-05-19 00:55:15
106,cde08670-5ef0-4fae-aef5-7aace58d8ed7,1,2022-05-19 00:55:16
107,99966464-365e-4043-8b38-5adc6ae89c14,2,2022-05-19 00:55:17
108,0ca56e8f-3400-43a9-876b-ba84e7fa38eb,3,2022-05-19 00:55:17
109,5d07f76a-1f5a-4a62-a1dc-47e342478e93,3,2022-05-19 00:55:18
110,94de31b1-7d06-4c84-b411-956635948957,3,2022-05-19 00:55:18
111,fb555660-7102-4947-9a6e-a4fe570366bb,1,2022-05-19 00:55:18
112,8f90151b-6af9-4576-a84a-924988ac8058,0,2022-05-19 00:55:19
113,9ecc93e2-5200-4445-8af1-f48bee5527bc,0,2022-05-19 00:55:19
114,8e034f17-629d-4c78-bdcd-f2714fe37ced,3,2022-05-19 00:55:19
115,4e5079a8-8ad1-478b-9e53-4ecf5ceeb682,3,2022-05-19 00:55:20
116,916a959b-b87c-48f0-9bdb-55100c6d64aa,2,2022-05-19 00:55:21
117,9a3c90d3-9da9-446a-a66c-5f6e6504f95a,0,2022-05-19 00:55:21
118,fc8442f0-c14d-4650-81fd-25f6b8b83904,2,2022-05-19 00:55:23
119,6252f01f-5cbf-4882-8f1d-c6e0c95a5f5e,0,2022-05-19 00:55:25
120,9fff1d5b-0c3d-491a-99a6-2fa36fdd8761,0,2022-05-19 00:55:25
121,4bad00f7-1aa8-4605-8ad2-de45fe08fe77,2,2022-05-19 00:55:26
122,668563d4-c376-414d-916f-d53d16d43dc3,1,2022-05-19 00:55:27
123,ff28bf55-f120-443f-ab39-f46342491d0b,3,2022-05-19 00:55:28
124,c75d442c-9629-47b4-84c4-40a8584c919d,1,2022-05-19 00:55:29
125,9571867b-d711-49b9-ab7d-e9d0400e0d17,3,2022-05-19 00:55:29
126,e733a355-e906-4a5a-b68e-410580f65d27,2,2022-05-19 00:55:30
127,92bbc4d1-75f8-42cf-a88f-3f3e1cf4fe56,3,2022-05-19 00:55:30
128,350014b3-931c-4131-81ab-cd40396f62a7,2,2022-05-19 00:55:30
129,7135743c-0946-45ea-b787-dd019c54c3f2,3,2022-05-19 00:55:32
130,96d7cdec-daa1-4023-a483-85340207b4f1,0,2022-05-19 00:55:32
131,4ebf54d5-f6b5-4878-8b50-e5ce43b4889b,2,2022-05-19 00:55:33
132,102e0b45-95fd-4d64-a352-d6f7d8f253a8,3,2022-05-19 00:55:33
133,f5819e6c-012d-45af-ac88-95ab163bd50d,2,2022-05-19 00:55:33
134,bf7d4e01-22d2-4fc0-bb2a-c2883f173a63,2,2022-05-19 00:55:33
135,218d7bcc-7568-4da0-959f-495225749189,2,2022-05-19 00:55:34
136,00a03e0e-9832-4cea-8d6e-af164d6009a2,2,2022-05-19 00:55:35
137,8a05b454-ab31-4401-8597-e798fba9e312,3,2022-05-19 00:55:35
138,74486fe4-03ed-4a3d-932c-b77ade6f677b,3,2022-05-19 00:55:40
139,387edee2-9c34-45b3-8075-8ef4d2360fbc,0,2022-05-19 00:55:42
140,bd8bba16-61e3-4469-a41b-525af86ae2ad,0,2022-05-19 00:55:42
141,b7fa01b0-c638-496f-99e7-56b32aedcedd,1,2022-05-19 00:55:43
142,a10e7e79-4fa7-4445-b7a9-f67f88716d9f,3,2022-05-19 00:55:44
143,088200ba-b13a-4e28-b653-baf552e4b453,1,2022-05-19 00:55:44
144,f9c00ed1-2ff7-482e-8f8d-c402bd4f5a31,1,2022-05-19 00:55:45
145,1b028204-a5fe-457d-a0ec-266381f517b1,3,2022-05-19 00:55:45
146,98ccac28-b976-475b-bb5c-11609aac73bb,2,2022-05-19 00:55:45
147,e662c3e9-d2dd-4bdb-bae0-761bcb43caaf,1,2022-05-19 00:55:45
148,3db97eef-ba3f-4ae0-9f60-c138360b3a30,1,2022-05-19 00:55:46
149,0f4c419e-38bc-45c4-ba48-aea543e9da07,0,2022-05-19 00:55:46
150,323a9fb8-67c6-4898-b240-8bf62087cd71,2,2022-05-19 00:55:49
151,527f044d-5a8d-40c7-8483-ddb6edb90c22,3,2022-05-19 00:55:50
152,f3b2c6a4-2204-4f5d-b5ee-ba69b983e472,3,2022-05-19 00:55:50
153,fdd75b30-3679-4651-bb94-56083715de75,3,2022-05-19 00:55:51
154,ca4afdc3-2b78-43c7-b1fc-0eea5b676a0b,2,2022-05-19 00:55:52
155,a02a37c7-229e-4d02-aa80-c7734ea500ba,0,2022-05-19 00:55:52
156,12ab29c2-a257-4db8-b836-5d6b9b81d571,3,2022-05-19 00:55:52
157,cb3ea140-fcc2-42a1-bf9d-dffb05602028,2,2022-05-19 00:55:54
158,47878ac5-fabc-44c7-9c4c-cfd4230685ea,2,2022-05-19 00:55:55
159,f34b4418-f652-46e8-93e6-a07728064e8e,1,2022-05-19 00:55:56
160,a7b81651-7d0b-4811-b036-6df13e7fa4b1,2,2022-05-19 00:55:57
161,f83df5a9-e082-459d-b461-da3ed2afa46d,0,2022-05-19 00:55:58
162,d6014b0d-bff7-48bd-baa1-8683069b2750,3,2022-05-19 00:55:58
163,9026782c-718f-4aa7-967d-28537453ae6f,1,2022-05-19 00:55:58
164,cb6612cb-c513-4172-ad9d-ae5193b0b606,3,2022-05-19 00:55:58
165,d90a41bd-be2c-48bd-8882-75164e24ce39,1,2022-05-19 00:55:59
166,e96b78cd-e1eb-462f-bea9-a666adf72b7a,2,2022-05-19 00:56:01
167,78394157-e883-4f3b-a052-d8bcf942b138,3,2022-05-19 00:56:03
168,93bf6e0a-1158-4141-a1ef-5d4039911c37,1,2022-05-19 00:56:03
169,b304f699-2601-4eeb-8b6f-60f1ec8cc3c8,1,2022-05-19 00:56:03
170,7ac6547c-62cc-4972-ae15-d7a5933f7bee,1,2022-05-19 00:56:03
171,35e69c50-0389-412c-8821-1657b7334fb1,2,2022-05-19 00:56:03
172,67d8dc62-545c-4e58-b84e-6606376b00f7,3,2022-05-19 00:56:04
173,a7bb132e-4a02-470b-bcd7-3ca385a09fe5,0,2022-05-19 00:56:04
174,b0bfa623-baa9-44ee-8b32-fad63dc3f716,0,2022-05-19 00:56:06
175,6e70f7a2-5442-435e-9221-13b0ffe3b7f5,2,2022-05-19 00:56:07
176,b4162d85-efc4-43f2-865e-40d1a7cfc275,0,2022-05-19 00:56:07
177,dd7f5287-d283-410e-bc12-947f551e91d6,0,2022-05-19 00:56:08
178,a5b122fd-e260-4b8b-843b-1991ea1a489d,3,2022-05-19 00:56:08
179,9e3537fa-47b5-45ad-9cf0-57eb3fa63df6,3,2022-05-19 00:56:10
180,665eb839-d9c4-4043-a1ab-a272a52869ea,1,2022-05-19 00:56:11
181,da67c015-e328-455c-b32b-1086699192f3,2,2022-05-19 00:56:11
182,e5cdfd74-e473-44f8-80a8-4cc63a08b6a2,2,2022-05-19 00:56:13
183,06fdfaf5-2259-4c6f-bfca-278adb671750,3,2022-05-19 00:56:13
184,436de247-d4b1-4026-8e00-a5bc3a718238,0,2022-05-19 00:56:14
185,616bcc4a-c669-42de-afe6-516f38df0b28,2,2022-05-19 00:56:15
186,69af3e2d-abef-4301-8d9c-5d4a2f89c491,3,2022-05-19 00:56:17
187,a82d5a0b-fca7-438c-a07d-399ffc4565d1,0,2022-05-19 00:56:18
188,6a3b9813-e40c-4686-81b0-d904efdd69ce,1,2022-05-19 00:56:19
189,133499b6-29c2-4085-903a-d0e30de82724,0,2022-05-19 00:56:20
190,29c0d4d2-b2a5-436d-9702-da8e0e690a9c,2,2022-05-19 00:56:20
191,a3a3b94e-45ba-4eb8-80d0-15ac75a3587e,0,2022-05-19 00:56:20
192,752e2f49-673f-4cb6-bd05-2aaa0bb9cff0,3,2022-05-19 00:56:20
193,d3e8d025-d590-400f-84e2-38796d0641aa,3,2022-05-19 00:56:20
194,a3e44ac0-7024-4c24-ac94-5959ff1ca9e8,3,2022-05-19 00:56:21
195,c50cd2a8-c5da-4d93-9a68-6147177ae9c0,0,2022-05-19 00:56:22
196,69c419d2-d389-4bdc-a94b-5564a419a44c,1,2022-05-19 00:56:22
197,f179f0a6-9aa0-4ba0-bf5a-7c5676fe879a,2,2022-05-19 00:56:22
198,8bd21c62-5012-453f-8b2a-4a00ace0fe5d,2,2022-05-19 00:56:24
199,be116459-23c4-40e6-9475-91a84a7b0c57,1,2022-05-19 00:56:26
200,b2a82f74-40d2-47bf-9288-2abf9d5183d1,0,2022-05-19 00:56:27
201,2a8f760c-0591-4749-b560-a35105503817,2,2022-05-19 00:56:28
202,8761aea1-709c-4dad-ab48-fea187695629,0,2022-05-19 00:56:31
203,2d604f9c-e3cd-4914-bfc9-9dece9f680eb,1,2022-05-19 00:56:31
204,07d57531-832c-402e-a101-d9be4c24eccd,3,2022-05-19 00:56:31
205,0977ae15-0677-44cd-9d89-f0c5bd1cc93c,3,2022-05-19 00:56:32
206,e255b1ae-4848-4be0-8401-a9646d98b829,0,2022-05-19 00:56:32
207,3eec9b53-8557-4bd8-b17b-12308d8f9f38,1,2022-05-19 00:56:32
208,d374dc24-b209-47ee-a752-40e945b04cef,1,2022-05-19 00:56:32
209,167b963a-d62a-4542-9e81-8f21f6510814,2,2022-05-19 00:56:33
210,196c5762-0782-4540-80fd-eaf7724b2ef1,0,2022-05-19 00:56:34
211,dfaa2082-5464-4b71-afbe-af4846c07e95,0,2022-05-19 00:56:35
212,f37d4a46-9f68-4627-8836-fcb968ca5abf,2,2022-05-19 00:56:36
213,dc09686f-4d32-4995-986e-96338bafa03f,2,2022-05-19 00:56:36
214,0e6e2d5b-a108-49ba-8767-eb7313766af7,2,2022-05-19 00:56:36
215,bdc486d3-4b31-472c-a9dd-a01ecbd88ee5,3,2022-05-19 00:56:37
216,b53bf240-4446-417e-b02a-125b0cc847fd,0,2022-05-19 00:56:38
217,1557dbfe-77f1-465d-9a8d-b58513e4dae5,1,2022-05-19 00:56:38
218,2c0eb4f2-d8b1-4e38-87f8-7e4236eb68d8,1,2022-05-19 00:56:40
219,db2a6188-3a89-4454-97dc-c8c0db0bf699,1,2022-05-19 00:56:41
220,c5de4a1c-4b76-460c-913f-b918c6ff5882,2,2022-05-19 00:56:41
221,e976e858-74c3-4c6b-afe8-cb8e429d983f,1,2022-05-19 00:56:44
222,75b8f20f-7bef-4d44-be51-18f06cac0f77,0,2022-05-19 00:56:45
223,c8978add-eb3a-4080-ab51-2204da1a2dc8,0,2022-05-19 00:56:45
224,4bc41eb6-ec03-441f-8b61-65d6dec850ca,3,2022-05-19 00:56:45
225,75d0febb-1d09-472e-a270-9e4a6f9f5fbe,0,2022-05-19 00:56:47
226,50d4778e-6ebb-4d93-975c-c17a777f6d5a,1,2022-05-19 00:56:47
227,f5bb737d-6414-44d8-99df-18b63071d55d,0,2022-05-19 00:56:47
228,fbf1c074-0629-4cc2-9af7-4439e1f811ef,1,2022-05-19 00:56:47
229,143889a1-f472-43f9-8c7d-f210d498eb54,3,2022-05-19 00:56:48
230,5c133127-7be9-4a29-9de2-e2f463da3150,1,2022-05-19 00:56:49
231,9c983765-c3bf-4d30-8f55-39b9df8d2ec5,0,2022-05-19 00:56:50
232,bdc25c7c-b85a-4750-a768-151e3160f808,2,2022-05-19 00:56:50
233,a81985f6-a754-45ff-a244-28d567508814,3,2022-05-19 00:56:51
234,07165687-bfd5-4406-bd8a-d878ab7a6928,0,2022-05-19 00:56:52
235,8e46782e-494b-4254-9b29-c7d1d901a77c,3,2022-05-19 00:56:54
236,6bad79c5-71eb-4c10-9024-f63ccdebf571,3,2022-05-19 00:56:54
237,8fa79bab-b776-446a-b860-7455beabdcfb,3,2022-05-19 00:56:55
238,efc65c71-568b-4581-bc32-44d9f89a8f7d,0,2022-05-19 00:56:56
239,fce73544-1293-4ab6-a989-6bcd88281f21,0,2022-05-19 00:56:56
240,6597801f-9546-4db4-99c3-171c1e16d094,3,2022-05-19 00:56:57
241,af347fc2-0327-4eae-af44-8382834116dd,1,2022-05-19 00:56:59
242,6667df82-008d-4baa-982b-126c1dc9b9d0,1,2022-05-19 00:57:00
243,362e8667-fd84-4c92-8f0a-6cab0d8ad72b,3,2022-05-19 00:57:00
244,017d5020-2ec6-473d-b3fc-810f2509e2c8,0,2022-05-19 00:57:00
245,b8540e30-34d1-46c1-8438-19e9ac6aeadb,0,2022-05-19 00:57:01
246,de50607d-abc8-4f46-95ab-f2f8f3343e46,2,2022-05-19 00:57:01
247,2fdc1663-6d3d-4693-81bc-048c46aa6573,3,2022-05-19 00:57:02
248,90c7c7d8-291c-47e6-8987-2863564d911a,3,2022-05-19 00:57:03
249,b49b673e-cdb9-4e29-8189-92135d834ff9,2,2022-05-19 00:57:03
250,5ac73671-6982-4188-b8ca-87e1ea7cd4bc,0,2022-05-19 00:57:03
251,cae5868a-eec9-4188-8207-d8e2b19fdd4d,3,2022-05-19 00:57:06
252,b070214b-efd0-4634-91c8-aff5f84a5d2a,2,2022-05-19 00:57:07
253,a1b7b678-2d74-4b8b-adbf-84895d1a7ff0,1,2022-05-19 00:57:08
254,c7e8ed8c-d8f5-40c1-bb34-36fdcfed91c4,3,2022-05-19 00:57:08
255,4bf4ee49-6597-4ec9-9d35-698b937993b7,0,2022-05-19 00:57:08
256,5b80593e-d1aa-4b85-8c28-d3e281281069,2,2022-05-19 00:57:09
257,d382d1f2-ba8b-4552-9960-16b6e696ca55,1,2022-05-19 00:57:09
258,d36d3cd9-1dd4-454e-9c4e-cbeaa3f344eb,2,2022-05-19 00:57:10
259,39a2b947-6b01-4b5b-8a74-f50b2d6c78b8,3,2022-05-19 00:57:13
260,c27dcc60-b8f1-49bb-b189-3ba2bf691527,0,2022-05-19 00:57:14
261,3a741ebe-3872-4a69-bea4-62f388e12e9a,3,2022-05-19 00:57:15
262,3381e0ac-6203-471b-89f4-168316162e2d,3,2022-05-19 00:57:16
263,ad25a042-2245-4ad7-8a84-ea153f681985,3,2022-05-19 00:57:16
264,5e266587-8e5b-4803-959a-baf73b9f4252,0,2022-05-19 00:57:16
265,8264ae18-7ab0-4eef-be0f-ecd1a7306669,0,2022-05-19 00:57:16
266,2ada54ef-9375-4390-853f-bf4a2ce9ac6b,1,2022-05-19 00:57:17
267,ef7d379d-40c8-4035-82f0-c5bd378ba335,1,2022-05-19 00:57:18
268,bccdd680-bdf3-4cca-b587-8de75a08ec22,1,2022-05-19 00:57:18
269,7ffefb01-ff6d-4d47-8b07-48bdb3dff86e,2,2022-05-19 00:57:19
270,3da08903-8418-40b0-b131-6d04c4d5938e,3,2022-05-19 00:57:19
271,934bcdf6-47ca-481a-b656-bc7ed76341b2,3,2022-05-19 00:57:20
272,c1550b55-f786-4f59-b05b-6f54b6e85e10,2,2022-05-19 00:57:20
273,397dd4b8-98b7-407f-af0a-c8da80da6ab5,1,2022-05-19 00:57:21
274,c9951c50-cd71-488a-91f8-eb3ef3d78387,2,2022-05-19 00:57:21
275,ce51ce50-4505-4e6e-818d-e011fb53d029,2,2022-05-19 00:57:21
276,eeb12085-7503-443d-8aef-25c25e41a447,0,2022-05-19 00:57:22
277,444ec83a-4b62-4e4c-9820-05ffaf7508a4,0,2022-05-19 00:57:23
278,cf6675cd-0890-43ea-a979-ea92135dd37e,3,2022-05-19 00:57:24
279,c8da4abb-c236-4dd2-b264-3569e8d19319,1,2022-05-19 00:57:25
280,390395d6-093e-4f94-8b38-ce63514c363c,2,2022-05-19 00:57:28
281,51bc26db-4272-4931-be02-156dbe295c1c,1,2022-05-19 00:57:28
282,e151c83a-566e-4d8f-bb60-9e5009ad6f05,1,2022-05-19 00:57:28
283,dd2712e3-f693-44b1-94ce-f44cf3893e26,0,2022-05-19 00:57:31
284,e86e6852-da74-41bf-9952-12adfff52445,1,2022-05-19 00:57:31
285,586b57d1-d596-4d2a-8ac1-9bd205c4f16b,0,2022-05-19 00:57:32
286,a7870edc-b303-4e56-b091-bc612640deb7,0,2022-05-19 00:57:32
287,183b9235-486a-40b9-a7cd-1929b6180b4b,2,2022-05-19 00:57:33
288,3ecec7f1-b1e5-4278-9607-2be5b225970a,0,2022-05-19 00:57:34
289,5b8d5e04-1b32-41f0-a1b2-c01c64dffbfd,1,2022-05-19 00:57:34
290,13c752e6-996b-4b89-95b6-41be2f51f0ae,1,2022-05-19 00:57:34
291,0baf0d06-4891-47ff-89bf-d27be0d55b00,2,2022-05-19 00:57:34
292,2004681d-f0ad-4ddb-a7ac-98f6c08ad6c5,3,2022-05-19 00:57:35
293,8b6cb839-5263-4957-81ec-da3692f3daf6,2,2022-05-19 00:57:35
294,4642a726-77c1-4630-bee3-66e5a9dfa6f1,3,2022-05-19 00:57:38
295,2adf6491-9508-49df-a5be-20e24bb5aea9,1,2022-05-19 00:57:39
296,312e9fe4-77e2-495b-bc10-120c31060272,2,2022-05-19 00:57:39
297,ee495456-a5dd-4550-89c3-e3ac924257fe,0,2022-05-19 00:57:41
298,5191b144-a277-4193-97f9-9715470826af,2,2022-05-19 00:57:42
299,8fb03c84-c820-4c8f-8f3f-bd45aa72cd6c,3,2022-05-19 00:57:43
300,44ea8399-77a1-4d7f-aafc-79accbda642f,3,2022-05-19 00:57:43
301,13998d75-f0ec-46ba-829d-249355a570d2,1,2022-05-19 00:57:44
302,994dc1b4-c0c9-4a87-9f66-1d9f0e35aba7,3,2022-05-19 00:57:44
303,bc338355-f610-4c8b-8e59-0391cd0e562b,1,2022-05-19 00:57:45
304,e832d6c8-e63a-4df3-af3e-b0b09ad05775,2,2022-05-19 00:57:45
305,09983ff4-467e-457e-a012-7fa036bac295,1,2022-05-19 00:57:46
306,cb509953-6132-4aba-b116-b651f5c60b3f,0,2022-05-19 00:57:48
307,8f9b057e-42ee-4bf0-8cb6-f39adb9a438a,3,2022-05-19 00:57:48
308,1a3dc1d0-66e3-45b4-b8fc-7f9efb462dad,0,2022-05-19 00:57:48
309,93932ce2-c463-4686-ac66-00a845a8b9b6,0,2022-05-19 00:57:49
310,340f7206-28fc-455f-8af6-b5c7f206a2b0,2,2022-05-19 00:57:49
311,bc970988-a33b-416b-90d1-d72608075e33,0,2022-05-19 00:57:50
312,0157064d-ddf3-4c67-95b0-f0c388c95614,2,2022-05-19 00:57:50
313,fbbe6ca5-073c-4aee-bea4-7b9fba1c332e,3,2022-05-19 00:57:50
314,dffc5550-207b-4c81-af5e-f1969b8ca5c3,0,2022-05-19 00:57:50
315,502b75a5-0d8e-4876-95a8-798edeeae407,3,2022-05-19 00:57:50
316,6a358077-a23e-44ce-b8a6-f82207a66860,3,2022-05-19 00:57:52
317,08f6080e-5263-47c4-a403-b0312d6a4c59,3,2022-05-19 00:57:55
318,4d216f81-107c-4fcb-9ad0-df8bbbea9d07,3,2022-05-19 00:57:58
319,22879476-5a80-4687-ac3a-05f3eddc72ef,0,2022-05-19 00:57:58
320,36899486-b884-44d8-9bdd-7b1a65207fe6,2,2022-05-19 00:57:58
321,4dcac1f8-709f-4fd6-85c2-879b1c471f76,3,2022-05-19 00:57:59
322,cb9d1dfa-d86c-40c1-b1d9-1abb29a9c505,3,2022-05-19 00:57:59
323,07c653a7-6fd8-4eed-b931-11c975e40d80,0,2022-05-19 00:58:00
324,6e329382-b641-48be-84d3-5b343924436e,2,2022-05-19 00:58:00
325,3543a1ac-150f-4203-b6ec-dc1174997044,0,2022-05-19 00:58:03
326,1e35bc87-ff95-4812-b0dd-3a621ed2cf96,2,2022-05-19 00:58:04
327,eaf01a00-d798-41bf-99fb-80ec080582dd,2,2022-05-19 00:58:04
328,d8b8a92f-7ffe-4ee7-9cf3-e4263450fc4e,1,2022-05-19 00:58:05
329,04984091-771e-452d-8eec-6bbe79ac7bb0,1,2022-05-19 00:58:05
330,4810033e-93de-48da-b12e-aa0f0cec542c,2,2022-05-19 00:58:05
331,05d54881-1c70-438d-869e-1e6b3924f6cc,2,2022-05-19 00:58:06
332,e2c0bbe2-3ae1-49c2-be1d-b604fd78d13a,0,2022-05-19 00:58:07
333,874badf7-0e56-4e10-b5bb-638ba7f78ea3,3,2022-05-19 00:58:07
334,77f2e07a-c5e3-4994-a39c-f06d6e5c6c9d,2,2022-05-19 00:58:07
335,e4057d61-7185-49ca-a962-3e241ecacd13,1,2022-05-19 00:58:07
336,d1f01822-71d0-4413-82a1-fb426c1fe1b9,1,2022-05-19 00:58:08
337,86d6bcd7-f7cb-4070-ab35-b667681cf93e,1,2022-05-19 00:58:10
338,3d072113-c9da-4db2-b61b-5c1b1c8fb933,3,2022-05-19 00:58:11
339,5c28e825-ed70-40e2-954e-c7140b858f0e,1,2022-05-19 00:58:12
340,91fe1d04-ec60-45f2-8f40-f70ef0c4e696,0,2022-05-19 00:58:12
341,9346e554-4db4-4de4-9e95-aaa9b5bf0304,2,2022-05-19 00:58:13
342,80842382-82e0-4734-9aa2-064f1e32c686,0,2022-05-19 00:58:13
343,34494819-b1e7-4ece-bdf8-76af6d6b1ffd,0,2022-05-19 00:58:13
344,0b2b5566-0ced-45e2-b534-65e851be9315,3,2022-05-19 00:58:14
345,2c9e252a-4f49-4b1f-8735-90404b11dece,2,2022-05-19 00:58:14
346,5ea88ef7-31ab-4e04-bab7-a7a8cf1d8eb1,1,2022-05-19 00:58:15
347,854acd52-354a-4c3d-b5ee-2548f6aa970e,0,2022-05-19 00:58:18
348,c23dee59-3ec3-4812-afd1-17955367a49c,3,2022-05-19 00:58:19
349,4f67ae94-7ed6-437a-9153-871a02d60997,0,2022-05-19 00:58:19
350,492c1ef2-acaf-45a1-b573-139aed09456e,1,2022-05-19 00:58:21
351,87a5c6da-139c-4b74-9b33-3316e740c67d,2,2022-05-19 00:58:21
352,18ddb5cc-f45c-40e6-8119-0a62ea29a15f,0,2022-05-19 00:58:22
353,ced11ae4-180e-409b-a125-be857499e801,3,2022-05-19 00:58:23
354,dba3af08-e9c8-4132-82a8-e5bacecf4fcb,2,2022-05-19 00:58:23
355,8d0c8cc0-8b48-4a81-b95b-59a69af49147,0,2022-05-19 00:58:24
356,c13a2beb-9584-4288-8aed-57f49c450a57,2,2022-05-19 00:58:25
357,bbeb0fac-1fc5-4062-b939-0eeb2fddcc87,1,2022-05-19 00:58:26
358,0304f613-e652-49f9-91bb-3b1201ab5720,0,2022-05-19 00:58:27
359,832a6d56-e39f-48d4-8501-0d5b1d6ff584,0,2022-05-19 00:58:29
360,a56d5dac-d041-4aab-948c-674893d55e38,3,2022-05-19 00:58:29
361,b9649cd1-68de-4e62-bc8f-cff67b7483e8,2,2022-05-19 00:58:30
362,a0632aa0-e25c-4115-b4fe-5b9cdf6ed7b4,2,2022-05-19 00:58:30
363,ff5791e3-f55a-47fa-bffa-996f333c9f3a,1,2022-05-19 00:58:30
364,069a7b64-2c05-404b-ae44-c4c8b09087dc,2,2022-05-19 00:58:31
365,1ab0354e-1f1f-43f0-949b-ed25d0f558d2,2,2022-05-19 00:58:31
366,4644f907-3c98-4606-9f52-5ae448a72986,3,2022-05-19 00:58:32
367,f2662a87-82ed-494c-9ee9-1df162e79522,2,2022-05-19 00:58:33
368,baa789e5-1463-4ffd-b853-6fc40743bba9,0,2022-05-19 00:58:34
369,19f9dde3-d9de-466c-a4fe-a13bcb618d63,3,2022-05-19 00:58:34
370,484e1a0a-2515-4f68-84cb-5135fcd8d8fc,3,2022-05-19 00:58:34
371,a59602c1-63ca-44e2-a0e4-860851433fd9,3,2022-05-19 00:58:35
372,2206f0b0-3b11-4652-845a-9c040d1300ae,1,2022-05-19 00:58:36
373,60553c03-ed6d-4c74-bec8-81c0c7bd4380,1,2022-05-19 00:58:36
374,05ad9cc9-aa1a-444d-a9c5-d712c059c3f0,2,2022-05-19 00:58:36
375,e681d55b-91ed-4939-9588-78437837ac2b,1,2022-05-19 00:58:37
376,89bbb995-1e8c-41f2-9334-6d4b4647ab07,0,2022-05-19 00:58:38
377,c4d63e66-f254-4a5d-9e52-9b6ebc4cd699,1,2022-05-19 00:58:39
378,3a6a8372-7007-4227-b4b4-830beaa8446f,3,2022-05-19 00:58:39
379,8ef16a3b-f1fd-43e4-bcdf-e12bccba3b05,1,2022-05-19 00:58:42
380,8e226123-0533-4be5-b09e-c57fb27a6a88,2,2022-05-19 00:58:42
381,cd143032-f82f-4255-a751-cd03e823a3c0,0,2022-05-19 00:58:42
382,05e2d4a3-f964-4cf4-88ea-1f6596e1b10d,1,2022-05-19 00:58:43
383,b01b92c8-143c-4853-870a-10532927e90c,2,2022-05-19 00:58:43
384,3e6b7ab1-aa2a-4589-9631-8c243eea4012,1,2022-05-19 00:58:45
385,decdfe14-0d40-4302-a36b-852c1b656ba8,2,2022-05-19 00:58:45
386,24174ceb-287d-49f2-a6af-b8b1a962233d,2,2022-05-19 00:58:46
387,91c8b343-0593-4860-a8e6-b14dab08a9bf,1,2022-05-19 00:58:46
388,0378071b-cc82-418e-ace4-7665125823d9,1,2022-05-19 00:58:47
389,3932cb15-4816-4169-b726-0ca248dd4671,0,2022-05-19 00:58:48
390,010287a9-0b29-4632-a047-64098482562c,3,2022-05-19 00:58:49
391,6ff524c6-24e0-4f05-bffb-a2c0688e77da,2,2022-05-19 00:58:49
392,21e9a16e-046e-4e07-8d6e-f89f3655a3b0,2,2022-05-19 00:58:50
393,aa6c5aaf-1419-43f0-899e-2374ac1bba05,2,2022-05-19 00:58:53
394,26f03857-0bc6-415e-ae5c-eda0ea5c20e5,2,2022-05-19 00:58:55
395,2eb800ae-b54e-48a0-84d8-b8e03d270794,1,2022-05-19 00:58:55
396,b05b5eb8-bfaa-4bac-a182-1f9c0f60c0eb,0,2022-05-19 00:58:56
397,158cb31b-4f60-41b2-9c26-fe8898ae0f3c,2,2022-05-19 00:58:57
398,d9596251-6b6d-494b-bba2-4f2ce06fd656,2,2022-05-19 00:58:58
399,4ed96085-7c2a-4044-8af5-e5b6286656d1,2,2022-05-19 00:58:59
400,9866a1ce-bc8b-46f0-b813-5f8b2fc87418,0,2022-05-19 00:58:59
401,7c0ee250-4eea-441b-bfbd-4210af617423,3,2022-05-19 00:58:59
402,484254fd-6d1a-4b3f-92d2-6d0bef133a26,1,2022-05-19 00:59:00
403,18891960-81b4-4204-8a25-edd353b0540f,1,2022-05-19 00:59:00
404,62b2d757-2b30-447a-b107-62382e335dd4,1,2022-05-19 00:59:01
405,7198a1aa-f23f-47e4-a311-02d11f173666,3,2022-05-19 00:59:02
406,048072a9-fd06-45af-9582-f26093176a49,3,2022-05-19 00:59:02
407,645211e4-2fcd-4d88-93eb-743bb9ed33fd,1,2022-05-19 00:59:02
408,b6a9944f-67d7-439f-81a7-2b018772f637,3,2022-05-19 00:59:03
409,9fdfbcb2-9a5e-49b4-a20c-5419f16a5d7f,2,2022-05-19 00:59:04
410,c857eb36-26fb-405c-90b5-4eb3c15a0a05,0,2022-05-19 00:59:04
411,20f9f69a-65cd-4533-83f9-d20a9e81c78c,1,2022-05-19 00:59:05
412,6230204e-c71b-4078-8885-6ecdce72084e,1,2022-05-19 00:59:05
413,8479398e-05f1-493e-9a43-f029b2249a0a,1,2022-05-19 00:59:06
414,ebd67896-ea51-4e91-b048-aff868fa24f4,3,2022-05-19 00:59:06
415,9e98a625-b797-445c-9f56-460088cd8390,1,2022-05-19 00:59:08
416,90812bf1-f6b9-445b-9880-e23f6f3b8534,2,2022-05-19 00:59:08
417,a41d9ee2-c6ba-4964-a612-208e714ef777,2,2022-05-19 00:59:08
418,e41507ac-6bf7-4740-85ef-c67fb34d14a0,2,2022-05-19 00:59:13
419,6134b9c8-f729-4dbf-bdf7-3106332ea9ee,3,2022-05-19 00:59:13
420,d88633a5-3167-4c9a-b265-1ab227c59898,2,2022-05-19 00:59:14
421,28e51232-d881-488b-b2e9-797e1e9c4a1b,0,2022-05-19 00:59:15
422,ed1b35e3-0f9a-45f6-ab21-d27c9993c55d,3,2022-05-19 00:59:15
423,9b08d7fc-9f85-4450-ad05-49f1d857b814,0,2022-05-19 00:59:15
424,bbd31504-90cf-4445-89fa-d07590d8b190,0,2022-05-19 00:59:16
425,be20e6e3-e866-49ad-844b-473571908063,0,2022-05-19 00:59:18
426,5631895d-78d0-473d-befa-28856da99d73,0,2022-05-19 00:59:19
427,2c371c75-32be-4f74-939e-a5954371494a,3,2022-05-19 00:59:19
428,dd115bdd-20b6-4c9f-81c8-593e1188a793,0,2022-05-19 00:59:19
429,ff515ff9-78aa-4746-af12-f00733cbc6ee,3,2022-05-19 00:59:20
430,bec93a3b-6aed-4c05-b873-c5c16ddeded7,2,2022-05-19 00:59:21
431,7e038af7-f1c1-4748-a284-274142bb5e4d,3,2022-05-19 00:59:21
432,b6dbc9a7-2917-43af-af51-fadae43a9e7b,2,2022-05-19 00:59:22
433,4e4795dd-32ee-4080-83a5-b1e6b7b86bf2,3,2022-05-19 00:59:22
434,7b0ec19d-c073-4d4a-b2ae-31114d09b730,3,2022-05-19 00:59:22
435,24791df0-5953-4cac-bcc1-034dd9fc0fba,3,2022-05-19 00:59:22
436,e8bded09-46b6-48f9-be32-8275be53e535,2,2022-05-19 00:59:22
437,52ca5921-a604-459f-9362-e7218c943b8e,0,2022-05-19 00:59:24
438,383b781a-f231-4e45-a87c-fa84c2b6ab95,3,2022-05-19 00:59:25
439,954e16d0-abb5-4a26-9449-c5e2582f6d3d,0,2022-05-19 00:59:27
440,a7e44784-3076-4f61-abc3-c36f2108ff8e,3,2022-05-19 00:59:27
441,9d1cb364-693a-4221-92d2-2d34e02813b4,3,2022-05-19 00:59:28
442,244bd78c-58e8-4568-b3e0-1f25fb194b04,3,2022-05-19 00:59:29
443,f82b7438-5fbd-4995-b319-a43d9c32a34b,2,2022-05-19 00:59:31
444,0dbb9f27-d34f-412e-963d-e9b5eeebba39,3,2022-05-19 00:59:31
445,934e9b7b-3d39-4ca0-bd5a-06fb74e4ce15,0,2022-05-19 00:59:34
446,6ef480e3-56ae-4425-afee-5bbbbda7014c,1,2022-05-19 00:59:34
447,c53a3ee9-dd5a-45b7-b923-15a84752966e,1,2022-05-19 00:59:35
448,ede15695-dd23-4af0-9df3-1a7fdd94be20,2,2022-05-19 00:59:35
449,137b6e52-c2bc-4841-823a-e2bc87ea6052,3,2022-05-19 00:59:36
450,d92a3861-5d8a-48b9-9581-12a06dc04153,3,2022-05-19 00:59:36
451,83b9ff46-733b-4aa7-9b7b-ed113a19a56f,3,2022-05-19 00:59:36
452,d33f675a-2090-4ba3-b3fa-8d31d1d637e7,2,2022-05-19 00:59:37
453,2435cd6b-b3f6-4f36-b038-57f40d6699f0,3,2022-05-19 00:59:38
454,df6ca732-8ac9-4b77-b183-cd8047acacf8,1,2022-05-19 00:59:39
455,b0722310-aef6-4079-b008-84850e9547f6,3,2022-05-19 00:59:39
456,001a9047-8e4f-417b-8a21-f33f7176ab3c,0,2022-05-19 00:59:40
457,b9f223dc-c54f-4d19-bb83-3b62c7d21d8e,2,2022-05-19 00:59:41
458,bb201f69-78bd-4e2a-a75f-f7bc5074a2a2,0,2022-05-19 00:59:42
459,c095f899-82fb-4f5b-b7ee-5986654e8dca,1,2022-05-19 00:59:42
460,30af938f-a4eb-4097-9bf6-b7576e291e29,0,2022-05-19 00:59:44
461,fcb15807-4641-4061-8700-e9da66fea400,0,2022-05-19 00:59:45
462,4bbc2c08-0e12-4209-9627-47fbafa3a6c2,1,2022-05-19 00:59:46
463,588f902e-5d53-4907-82bb-065ef4089441,1,2022-05-19 00:59:46
464,b72ae5d8-bdd0-4a63-834d-65fe3354b76c,1,2022-05-19 00:59:46
465,a072f93a-5483-47d5-b455-b3c5a3b2926c,1,2022-05-19 00:59:48
466,d507257b-796c-4b25-9501-8f8691726f89,0,2022-05-19 00:59:48
467,1ec1c8fa-a8c0-4a5e-9f07-9d941f7e144f,3,2022-05-19 00:59:49
468,94e871b2-da93-47a4-88c5-12cd2d0c462f,2,2022-05-19 00:59:49
469,7aae2787-722e-4d21-956f-4c8709a7ae02,0,2022-05-19 00:59:50
470,9a373863-620e-4120-b4d3-36d82b8d686e,2,2022-05-19 00:59:50
471,0cf0defc-ecee-4882-be0a-23c49174375a,3,2022-05-19 00:59:50
472,0e3f2a55-f11b-407f-9043-66413772e28b,1,2022-05-19 00:59:51
473,7405373e-4649-4004-9409-42ffcccf87e0,0,2022-05-19 00:59:51
474,2057e3ba-5758-43b7-8e11-3df98ff278e7,3,2022-05-19 00:59:53
475,c63df685-fc51-4165-8b70-a85858289a3d,0,2022-05-19 00:59:54
476,26ae0b6f-2953-4b44-9218-376fa3c3923d,2,2022-05-19 00:59:55
477,ecff7da7-2cf7-424b-8cf9-e61138484fe4,3,2022-05-19 00:59:55
478,7747b4e0-f671-459e-a945-6affa6a5b59a,0,2022-05-19 00:59:58
479,f30cc425-94b9-4dd4-a8e5-482fb8c4b939,1,2022-05-19 01:00:00
480,4ec45f74-b344-4821-a871-d087225e84f5,0,2022-05-19 01:00:00
481,97dcfd9f-501a-4503-8105-24079fe18cee,1,2022-05-19 01:00:00
482,55467071-1619-4833-b936-e8c3b54c9fdb,3,2022-05-19 01:00:01
483,5e43a102-e5ea-4f90-add9-51af5ba09e5b,2,2022-05-19 01:00:02
484,52dfa2ea-fe6b-47e2-8c84-a63d73e51220,3,2022-05-19 01:00:03
485,9af0f800-a425-4de4-aaa0-278de22dc577,0,2022-05-19 01:00:04
486,d3b60610-21ec-4201-9d7a-fb4a3dd343f3,1,2022-05-19 01:00:04
487,331763fd-66d6-4c47-9e47-4d3c45fd5feb,2,2022-05-19 01:00:04
488,67282fd4-4bc3-41dc-a22e-d977d2afcf73,1,2022-05-19 01:00:05
489,431f312d-c1e7-4760-913b-9a361f696445,2,2022-05-19 01:00:06
490,b3239056-0a4d-4914-ba8b-1b8de43d58ea,3,2022-05-19 01:00:07
491,08094e8e-4636-4554-9497-ceae5ac4cdb6,2,2022-05-19 01:00:07
492,5f92259a-6d07-4fb1-bb65-903e0c16d86b,2,2022-05-19 01:00:07
493,cd9c6712-3ac5-46e4-ab1c-c007c7151c98,0,2022-05-19 01:00:07
494,856a1954-8fff-4648-be64-ebae7e9666b4,0,2022-05-19 01:00:08
495,998cd8db-baf2-4f1f-ac20-508db8ad4191,1,2022-05-19 01:00:12
496,34a3ea1b-c80c-4788-aab0-c083483cc992,3,2022-05-19 01:00:15
